line_id,source_tag,vaal,gold_en,grade,load_bearing,tiers,worst
1,T1.1,"Atziri, Atziri, ek te mucane Vaal!","Atziri, Atziri, star of the mighty Vaal!",fragile,Atziri | Atziri | ek | te | mucane | Vaal,atziri:C atziri:C ek:C* te:C* mucane:C* vaal:C,C*
2,T1.2,Teoyuxtlane ascensionada! Teoyuxtlane Yutsal!,"Divine, ascended; divine Utzaal!",working,Teoyuxtlane | ascensionada | Teoyuxtlane | Yutsal,teoyuxtlane:C ascensionada:C teoyuxtlane:C yutsal:C,C
3,T1.3,"Atziri, Atziri, ma kilya Zerphi!","Atziri, Atziri, undying as Zerphi!",working,Atziri | Atziri | kilya | Zerphi,atziri:C atziri:C kilya:C zerphi:C,C
4,T1.4,Ti itsok anab nochira! Kextal xi kujkuali ik'bala!,"To you, the blood of all your servants; transform us, make our spirit worthy!",fragile,itsok | anab | nochira | Kextal | xi | kujkuali | ik'bala,itsok:C anab:C nochira:C* kextal:C xi:C kujkuali:C ik'bala:C,C*
5,T1.5,"Atziri, Atziri, ikba'yucane Vaal!","Atziri, Atziri, undying breath of the Vaal!",working,Atziri | Atziri | ikba'yucane | Vaal,atziri:C atziri:C ikba'yucane:C vaal:C,C
6,T1.6,A'te 'Ibil tlayeb kutsen! A'te ik'el tlayeb kifba!,"Here, our flesh laid bare in the dark, the offering; here, our hidden self in the dark, the heart!",fragile,'Ibil | tlayeb | kutsen | ik'el | tlayeb | kifba,'ibil:C* tlayeb:C kutsen:C* ik'el:C* tlayeb:C kifba:C*,C*
7,T1.7,"Atziri, Atziri, ascenada akal!","Atziri, Atziri, risen into the eternal waters!",fragile,Atziri | Atziri | ascenada | akal,atziri:C atziri:C ascenada:C akal:C*,C*
8,T1.8,Aiokmo til xu'te! Aiokmo tul jare elba!,"No more burning to ash, no ending; no more dwindling to embers, no going out!",fragile,Aiokmo | til | xu'te | Aiokmo | tul | jare | elba,aiokmo:C til:C* xu'te:C aiokmo:C tul:C* jare:C elba:C,C*
9,T2.1,Kuxte' kíimil'!,Life and death!,fragile,Kuxte' | kíimil',kuxte':C* kiimil':C*,C*
10,T2.2,Tlaxye' le Vaal!,The people of the Vaal!,working,Tlaxye' | Vaal,tlaxye':C vaal:C,C
11,T2.3,Ma'oxe ik'el!,The countless spirits!,fragile,Ma'oxe | ik'el,ma'oxe:C ik'el:C*,C*
12,T2.4,Atziri le'itzil!,"Atziri, the essence!",working,Atziri | le'itzil,atziri:C le'itzil:C,C
13,T2.5,Xatlene kujkuali!,Kindle the worthy!,fragile,Xatlene | kujkuali,xatlene:S kujkuali:C,S
14,T2.6,Gyan'uks ko'janti!,"Your new children, come, devour!",working,Gyan'uks | ko'janti,gyan'uks:C ko'janti:C,C
15,T2.7,A'te 'Ibil!,Behold the flesh!,fragile,'Ibil,'ibil:C*,C*
16,T2.8,A'te ik'el!,Behold the spirit!,fragile,ik'el,ik'el:C*,C*
17,T2.9,Yaxe chikula'!,The first sign!,fragile,Yaxe | chikula',yaxe:C chikula':C*,C*
18,T2.10,Tzokan'te ik'el!,The last spirit!,fragile,Tzokan'te | ik'el,tzokan'te:C* ik'el:C*,C*
19,T2.11,A'te líimek!,Behold those in the earth!,working,líimek,liimek:C,C
20,T2.12,Yatle yutsal!,There stands the good place!,working,yutsal,yutsal:C,C
21,T2.13,Tlayeb kutsen!,"In the dark, the offering!",fragile,Tlayeb | kutsen,tlayeb:C kutsen:C*,C*
22,T2.14,Tlayeb kifba!,"In the dark, the heart!",fragile,Tlayeb | kifba,tlayeb:C kifba:C*,C*
23,T2.15,U'Te kuxkal!,Behold the living!,fragile,kuxkal,kuxkal:C*,C*
24,T2.16,A'te yuquia!,Behold the made!,working,yuquia,yuquia:C,C
25,T3.1,Eche lu nochbe!,"Pour it out, all that we are!",fragile,Eche | lu | nochbe,eche:S lu:S nochbe:S,S
26,T3.2,Kí' inib!,"Sweet, my flesh!",fragile,Kí' | inib,ki':C* inib:S,S
27,T3.3,"'Ayok ta' en, u mujuk' le mucane, niáach i'chian.","Nothing more for me now; the strength of the mighty is in me, deep within her house.",fragile,'Ayok | mujuk' | mucane | niáach | i'chian,'ayok:C mujuk':C mucane:C* niaach:C* i'chian:C,C*
28,T3.4,A'te waja yatle u'tra buxa!,Behold the offering; there stands another!,fragile,waja | u'tra | buxa,waja:C* u'tra:C buxa:S,S
29,T3.5,A'te fukuur!,Behold the blaze!,fragile,fukuur,fukuur:S,S
30,T3.6,Xi daka puxe...,Bring the draught…,fragile,Xi | daka | puxe,xi:C daka:S puxe:S,S
31,T3.7,'Ayok kifba Atziri kilya sakilja.,"The heart beats no more; for Atziri, the undying, the white drink.",fragile,'Ayok | kifba | Atziri | kilya | sakilja,'ayok:C kifba:C* atziri:C kilya:C sakilja:C,C*
32,T3.8,Ik'eche sakilja atla donuks.,"You are the breath within it, the sacred water, our draught.",fragile,Ik'eche | sakilja | atla | donuks,ik'eche:C sakilja:C atla:C donuks:S,S
33,T3.9,Donuks... ko'soxsal.,Drink… raw and fresh!,fragile,Donuks | ko'soxsal,donuks:S ko'soxsal:S,S
34,T3.10,Donuks... ko'mujuk!,Drink… and take strength!,fragile,Donuks | ko'mujuk,donuks:S ko'mujuk:S,S
35,T3.11,"Xi u'te cha'tsoke, a'te itsok xefe yotlapek le le Vaal te'moxti qexcan...","See, the end comes round again; behold the blood. Commander of the Vaal altar, where all are remade…",fragile,Xi | cha'tsoke | itsok | xefe | yotlapek | Vaal | te'moxti | qexcan,xi:C cha'tsoke:C itsok:C xefe:H yotlapek:C vaal:C te'moxti:S qexcan:C,S
36,T3.12,Na' puyao.,the reddened offering.,fragile,puyao,puyao:S,S
37,T3.13,"Ich tlapec u'te puyao, a'te itsok pu uch' ta'nuk!","On the altar, watch it redden; behold the blood; drink deep, great one!",fragile,Ich | tlapec | puyao | itsok | pu | uch' | ta'nuk,ich:C* tlapec:C puyao:S itsok:C pu:S uch':C* ta'nuk:C,S
38,T4.1,Otsuks! Tzokan'te u'te ik'el...,Company! Behold the last spirit…,fragile,Otsuks | Tzokan'te | ik'el,otsuks:S tzokan'te:C* ik'el:C*,S
39,T4.2,Atziri!,Atziri!,working,Atziri,atziri:C,C
40,T4.3,A'te Kuxkal tlayeb kutsen. Ela tlayeb ukto! Máax ka ti a'tul?,"Behold the living, the offering in the dark. The dark torch burns! Who goes there?",fragile,Kuxkal | tlayeb | kutsen | Ela | tlayeb | ukto | Máax | a'tul,kuxkal:C* tlayeb:C kutsen:C* ela:C tlayeb:C ukto:S maax:C* a'tul:S,S
41,T4.4,Atziri!,Atziri!,working,Atziri,atziri:C,C
42,T4.5,Otsuks! Máax ka ti a'tul?,Company! Who goes there?,fragile,Otsuks | Máax | a'tul,otsuks:S maax:C* a'tul:S,S
43,T4.6,U'te mucane!,"Behold, the mighty!",fragile,mucane,mucane:C*,C*
44,T4.7,Máax ka ti cheyel?,Who are you to stand watch here?,fragile,Máax | cheyel,maax:C* cheyel:S,S
45,T4.8,U'te mucane!,"Behold, the mighty!",fragile,mucane,mucane:C*,C*
46,T4.9,Máax tlayeb mucane?,Who is the mighty of the dark?,fragile,Máax | tlayeb | mucane,maax:C* tlayeb:C mucane:C*,C*
47,T4.10,Atziri!,Atziri!,working,Atziri,atziri:C,C
48,T4x.1,"Otsuks, quxzeh!","Company, bite! Be fierce!",fragile,Otsuks | quxzeh,otsuks:S quxzeh:C*,S
49,T4x.2,Axba!? Kíibsa' ta' en!,"What!? Kill, before me!",fragile,Axba | Kíibsa',axba:S kiibsa':S,S
50,T5.1,Ti ek tala jare'yantul!,"Into the dark you come; and so, your waning!",opaque-blocked,ek | tala | jare'yantul[jare'] | jare'yantul[yan] | jare'yantul[tul],ek:C* tala:C jare:C yan:O tul:C*,O
51,T5.2,Ti' ek'le upulché!,"Into the dark, cast down!",fragile,ek'le | upulché,ek'le:C* upulche:C*,C*
