surface,rank,form,lang,gloss,source,kind,residue,note
Atziri,0,,,,,,,no attested form hit in attached dictionaries
ek,1,ak,K'iche',firecracker,Christenson K'iche',exact,,
ek,2,ak,K'iche',reed; bamboo,Christenson K'iche',exact,,
ek,3,ek,K'iche',to go (Totonicapán),Christenson K'iche',exact,,
ek,4,ik,K'iche',chile,Christenson K'iche',exact,,
ek,5,AK,Yucatec Maya,"tortuga, galapago, icotea; ak hit'bil pop: petate",Cordemex,exact,,
ek,6,AK,Yucatec Maya,las tres estrellas juntas que estan en el signo de,Cordemex,exact,,
ek,7,AK,Yucatec Maya,"puerco, jabali de esta tierra, que es el que guia",Cordemex,exact,,
ek,8,AK,Yucatec Maya,enano,Cordemex,exact,,
ek,9,AK,Yucatec Maya,una yel'ba con que se cubren [los techos] de las,Cordemex,exact,,
ek,10,AK,Yucatec Maya,"arqueado, cubrir 10: ak sots': [toponimico] nombre de  unos vestigios arqueol6gicos encontrados cerca",Cordemex,exact,,
ek,11,AK,Yucatec Maya,cuenta para contar muchas y difel'entes cosas,Cordemex,exact,,
ek,12,AK,Yucatec Maya,cosa que se esconde 6: cosa que se va,Cordemex,exact,,
te,1,ta,K'iche',to understand; to hear,Christenson K'iche',exact,,
te,2,ta,K'iche',to pay attention to someone’s counsel,Christenson K'iche',exact,,
te,3,ta,Nahuatl,padre,Campbell Pipil/Nawat CN,exact,,
te,4,ta,Nahuatl,my father,Nahuatl 1100 wordlist,exact,,
te,5,te,Nahuatl,(SD) tehemet,Campbell Pipil/Nawat CN,exact,,
te,6,-ti,Nawat,to become,Campbell Pipil/Nawat,exact,,
te,7,ta,Nawat,"¿qué?, que; what",Campbell Pipil/Nawat,exact,,
te,8,te,Nawat,"datka nada, de nada, no hay de qué; nothing; you're welcome",Campbell Pipil/Nawat,exact,,
te,9,te,Nawat,ke:man nunca; never,Campbell Pipil/Nawat,exact,,
te,10,te,Nawat,"ye:k malo, feo, no sirve; bad, no good, worthless",Campbell Pipil/Nawat,exact,,
te,11,ti,Nawat,21-t ik negro; black,Campbell Pipil/Nawat,exact,,
te,12,TA,Yucatec Maya,"grueso del hombre, culebra, arbol,",Cordemex,exact,,
mucane,0,,,,,,,no attested form hit in attached dictionaries
Vaal,0,,,,,,,no attested form hit in attached dictionaries
Teoyuxtlane,0,,,,,,,no attested form hit in attached dictionaries
ascensionada,0,,,,,,,no attested form hit in attached dictionaries
Yutsal,0,,,,,,,no attested form hit in attached dictionaries
ma,1,ma,K'iche',negative indicator,Christenson K'iche',exact,,
ma,2,ma,Nahuatl,(C) -mahtsal rama,Campbell Pipil/Nawat CN,exact,,
ma,3,ma,Nahuatl,(SD) -ma:pipil,Campbell Pipil/Nawat CN,exact,,
ma,4,ma,Nahuatl,(SD) masa:-ku:wa-t,Campbell Pipil/Nawat CN,exact,,
ma,5,ma,Nahuatl,It should be noted that Lehmann (1920:1061) also rejected Brinton's,Campbell Pipil/Nawat CN,exact,,
ma,6,-ma,Nawat,pipil dedo (de mano); finger,Campbell Pipil/Nawat,exact,,
ma,7,-ma,Nawat,taxkal palma (de la mano); palm of the hand,Campbell Pipil/Nawat,exact,,
ma,8,ma,Nawat,", maka",Campbell Pipil/Nawat,exact,,
ma,9,ma-,Nawat,mah- 'mano' (en palabras compuestas),Campbell Pipil/Nawat,exact,,
ma,10,MA,Yucatec Maya,man dar con brio 0 con rigor,Cordemex,exact,,
ma,11,MA,Yucatec Maya,pospuesta al cuerpo de los verb os y algunos nombres denota tener hecha su operaci6n; wohelma: sabido,Cordemex,exact,,
ma,12,MA,Yucatec Maya,dolor tener asi 0 mal; u puch u nakma: [tiene,Cordemex,exact,,
kilya,0,,,,,,,no attested form hit in attached dictionaries
Zerphi,0,,,,,,,no attested form hit in attached dictionaries
Ti,1,te,Nahuatl,(SD) tehemet,Campbell Pipil/Nawat CN,exact,,
Ti,2,-ti,Nawat,to become,Campbell Pipil/Nawat,exact,,
Ti,3,te,Nawat,"datka nada, de nada, no hay de qué; nothing; you're welcome",Campbell Pipil/Nawat,exact,,
Ti,4,te,Nawat,ke:man nunca; never,Campbell Pipil/Nawat,exact,,
Ti,5,te,Nawat,"ye:k malo, feo, no sirve; bad, no good, worthless",Campbell Pipil/Nawat,exact,,
Ti,6,ti,Nawat,21-t ik negro; black,Campbell Pipil/Nawat,exact,,
Ti,7,TE,Yucatec Maya,convida:Jor que convida 2. ah chan I,Cordemex,exact,,
Ti,8,TE,Yucatec Maya,"cuenta para cacaos, huevos y calabazas 7,8:",Cordemex,exact,,
Ti,9,TE,Yucatec Maya,"ten tar y tentaci6n; u tumtahen kisin, u tumtah",Cordemex,exact,,
Ti,10,te,Yucatec Maya,Aculla,Cordemex,exact,,
Ti,11,te,Yucatec Maya,Aherrumbrar,Cordemex,exact,,
Ti,12,te,Yucatec Maya,Alla,Cordemex,exact,,
itsok,0,,,,,,,no attested form hit in attached dictionaries
anab,1,unab,Yucatec Maya,Enteramente,Cordemex,exact,,
nochira,1,nochi,Nahuatl,all,Nahuatl 1100 wordlist,prefix,ra,
nochira,2,nochi,Nahuatl,whole,Nahuatl 1100 wordlist,prefix,ra,
nochira,3,NOCH,Yucatec Maya,jicara que no esta bien redonda 9: jicara mal,Cordemex,prefix,ira,
nochira,4,noch,Yucatec Maya,Repentino,Cordemex,prefix,ira,
nochira,5,noch,Yucatec Maya,Alargado,Cordemex,prefix,ira,
nochira,6,noch,Yucatec Maya,Cad Era,Cordemex,prefix,ira,
nochira,7,noch,Yucatec Maya,Cocodrilo,Cordemex,prefix,ira,
nochira,8,noch,Yucatec Maya,Cuadril,Cordemex,prefix,ira,
Kextal,0,,,,,,,no attested form hit in attached dictionaries
xi,1,xi,Nahuatl,año,Campbell Pipil/Nawat CN,exact,,
xi,2,XI,Yucatec Maya,cosa correcliza que se arrima mucho pOl' sl,Cordemex,exact,,
xi,3,xe,Yucatec Maya,Arrogante,Cordemex,exact,,
xi,4,xe,Yucatec Maya,Hemoptisis,Cordemex,exact,,
xi,5,xe,Yucatec Maya,Hijastro,Cordemex,exact,,
xi,6,xe,Yucatec Maya,Rebasar,Cordemex,exact,,
xi,7,xe,Yucatec Maya,Revesar,Cordemex,exact,,
xi,8,xe,Yucatec Maya,Vomitivo,Cordemex,exact,,
xi,9,xe,Yucatec Maya,Vomitar,Cordemex,exact,,
xi,10,xe,Yucatec Maya,Vomitado,Cordemex,exact,,
xi,11,xi,Yucatec Maya,Chispa,Cordemex,exact,,
kujkuali,0,,,,,,,no attested form hit in attached dictionaries
ik'bala,0,,,,,,,no attested form hit in attached dictionaries
ikba'yucane,0,,,,,,,no attested form hit in attached dictionaries
A'te,0,,,,,,,no attested form hit in attached dictionaries
'Ibil,1,EBIL,Yucatec Maya,"escalera, escalo, escal6n",Cordemex,exact,,
'Ibil,2,EBIL,Yucatec Maya,"rabiatandole, que debe serlo",Cordemex,exact,,
'Ibil,3,IBIL,Yucatec Maya,"sacudir 8: sacudiendoIo, que debe sacudirse 11 :",Cordemex,exact,,
tlayeb,0,,,,,,,no attested form hit in attached dictionaries
kutsen,1,-kuts,Nawat,"pierna, canilla; leg",Campbell Pipil/Nawat,prefix,en,
kutsen,2,-kuts,Nawat,pantorrilla; calf of leg,Campbell Pipil/Nawat,prefix,en,
kutsen,3,KUTS,Yucatec Maya,"acepiIIar 4, 8: Iimpiar con pafio a",Cordemex,affix,,
kutsen,4,KUTS,Yucatec Maya,"pavo de esta tierra 3: pavo real, macho 0 hembra 4, '6: pava 5,12: pavo 5: pava 0 pav6n 7, 13tpv:",Cordemex,affix,,
kutsen,5,kuts,Yucatec Maya,Acepillado,Cordemex,affix,,
kutsen,6,kuts,Yucatec Maya,Anade,Cordemex,affix,,
kutsen,7,kuts,Yucatec Maya,Ansar,Cordemex,affix,,
kutsen,8,kuts,Yucatec Maya,Anverso,Cordemex,affix,,
kutsen,9,kuts,Yucatec Maya,Barra,Cordemex,affix,,
kutsen,10,kuts,Yucatec Maya,Desflecar,Cordemex,affix,,
kutsen,11,kuts,Yucatec Maya,Deshilachado,Cordemex,affix,,
kutsen,12,kuts,Yucatec Maya,Deshilado,Cordemex,affix,,
ik'el,1,ik’il,K'iche',monthly,Christenson K'iche',exact,,
ik'el,2,ik’il,K'iche',month,Christenson K'iche',exact,,
ik'el,3,ik’il,K'iche',month; menstruation; monthly pay; monthly work,Christenson K'iche',exact,,
ik'el,4,EK'EL,Yucatec Maya,V. tsek'el,Cordemex,exact,,
ik'el,5,IK'AL,Yucatec Maya,v intr respirar,Cordemex,exact,,
ik'el,6,IK'AL,Yucatec Maya,andar la mar brava con el recio viento; ik'a1 u,Cordemex,exact,,
ik'el,7,IK'AL,Yucatec Maya,poeta 11: vate,Cordemex,exact,,
ik'el,8,IK'IL,Yucatec Maya,cobrar salud como milagro 0,Cordemex,exact,,
ik'el,9,IK'IL,Yucatec Maya,aereo,Cordemex,exact,,
ik'el,10,IK'IL,Yucatec Maya,inquietud,Cordemex,exact,,
ik'el,11,ek'el,Yucatec Maya,De Pelota,Cordemex,exact,,
ik'el,12,ik'al,Yucatec Maya,Mar,Cordemex,exact,,
kifba,0,,,,,,,no attested form hit in attached dictionaries
ascenada,0,,,,,,,no attested form hit in attached dictionaries
akal,1,AKAL,Yucatec Maya,acercarse; takal u ka'ah u mank'inal,Cordemex,exact,,
akal,2,AKAL,Yucatec Maya,romperse los zapatos y ropa para descoserse,Cordemex,exact,,
akal,3,UKAL,Yucatec Maya,a punto de la muerte.,Cordemex,exact,,
akal,4,akal,Yucatec Maya,Aborrecer,Cordemex,exact,,
akal,5,akal,Yucatec Maya,Enojadizo,Cordemex,exact,,
akal,6,akal,Yucatec Maya,Renir,Cordemex,exact,,
Aiokmo,0,,,,,,,no attested form hit in attached dictionaries
til,1,tel,K'iche',aperture; small hole (in door so kan see out); puncture wound,Christenson K'iche',exact,,
til,2,til,Nawat,"tile, tizne, carbón; soot",Campbell Pipil/Nawat,exact,,
til,3,TEL,Yucatec Maya,cierta comez6n que por tiempo de las calabazas da a los indios en las piernas.,Cordemex,exact,,
til,4,TIL,Yucatec Maya,"honrado, venerable, ilustre.",Cordemex,exact,,
til,5,tel,Yucatec Maya,Zarco,Cordemex,exact,,
til,6,til,Yucatec Maya,Propiedad,Cordemex,exact,,
xu'te,1,xuta,Nawat,"(t.v., r.v.); to wound, to be wounded",Campbell Pipil/Nawat,exact,,
xu'te,2,xuti,Nawat,jute (caracol de agua); water snail,Campbell Pipil/Nawat,exact,,
tul,1,tal,K'iche',listener,Christenson K'iche',exact,,
tul,2,tal,K'iche',one who listens to someone’s needs,Christenson K'iche',exact,,
tul,3,tol,K'iche',"gourd cup (to carry seeds, water, food); shell",Christenson K'iche',exact,,
tul,4,tol,K'iche',bald; shaved,Christenson K'iche',exact,,
tul,5,tol,K'iche',unoccupied mountain,Christenson K'iche',exact,,
tul,6,tul,K'iche',"reed, bullrush",Christenson K'iche',exact,,
tul,7,ta:l,Nawat,earth,Campbell Pipil/Nawat,exact,,
tul,8,ta:l,Nawat,tierra,Campbell Pipil/Nawat,exact,,
tul,9,ta:l,Nawat,"ground, earth, dirt",Campbell Pipil/Nawat,exact,,
tul,10,tal,Nawat,"tierra, suelo, terreno; land, ground, earth, dirt",Campbell Pipil/Nawat,exact,,
tul,11,TAL,Yucatec Maya,aterirse ; vr pasmarse de frio 9. ka1 kis 11:,Cordemex,exact,,
tul,12,TAL,Yucatec Maya,"vn manifestarse, verse, hacerse visible, apareeel', manifestar",Cordemex,exact,,
jare,0,,,,,,,no attested form hit in attached dictionaries
elba,1,alba,Spanish,"Spanish: píik’ sáas, sáastal",ilide Spanish-Maya,exact,,
elba,2,ALBA,Yucatec Maya,"ablandarse la cera, pez y cosas tales al calor",Cordemex,exact,,
elba,3,ALBA,Yucatec Maya,ensayarse para cualquier obra,Cordemex,exact,,
elba,4,ALBA,Yucatec Maya,echar banda,Cordemex,exact,,
elba,5,alba,Yucatec Maya,Profunda,Cordemex,exact,,
elba,6,alba,Yucatec Maya,Derretimiento,Cordemex,exact,,
Kuxte',1,kuxta,Nawat,cuxta (árbol parecido al cacao),Campbell Pipil/Nawat,exact,,
Kuxte',2,kuxta,Nawat,:1 costal; gunny-sack,Campbell Pipil/Nawat,exact,,
kíimil',1,kíimil,Yucatec Maya,deceso,ilide Spanish-Maya,exact,,
kíimil',2,kíimil,Yucatec Maya,defunción,ilide Spanish-Maya,exact,,
kíimil',3,kíimil,Yucatec Maya,marchitar,ilide Spanish-Maya,exact,,
kíimil',4,kíimil,Yucatec Maya,morir,ilide Spanish-Maya,exact,,
kíimil',5,kíimil,Yucatec Maya,muerte,ilide Spanish-Maya,exact,,
kíimil',6,kíimil,Yucatec Maya,perecer,ilide Spanish-Maya,exact,,
kíimil',7,kimil,Nawat,"carga, bulta, tercio; load, bundle",Campbell Pipil/Nawat,exact,,
kíimil',8,KIMIL,Yucatec Maya,crecer la enfermedacl,Cordemex,exact,,
kíimil',9,KIMIL,Yucatec Maya,"enfermedad, 0",Cordemex,exact,,
kíimil',10,KIMIL,Yucatec Maya,"cosa muerta, que muri6; in kimil",Cordemex,exact,,
kíimil',11,kimil,Yucatec Maya,Abortado,Cordemex,exact,,
kíimil',12,kimil,Yucatec Maya,Atollamiento,Cordemex,exact,,
Tlaxye',0,,,,,,,no attested form hit in attached dictionaries
le,1,la,K'iche',stinging nettle (chichicaste),Christenson K'iche',exact,,
le,2,le,K'iche',the,Christenson K'iche',exact,,
le,3,le,K'iche',that; who,Christenson K'iche',exact,,
le,4,LA,Yucatec Maya,"pospuesta a los nombres de parentesco de consanguinidad, denota el que parece que tales [nombres]",Cordemex,exact,,
le,5,LE,Yucatec Maya,pron ese; el; pron peTS ello; Ie pek'o': ese,Cordemex,exact,,
le,6,LE,Yucatec Maya,"i oh!, partkula de dolor yes de mujeres; Ie, yume',",Cordemex,exact,,
le,7,LE,Yucatec Maya,"pronombre [dem] ""aquel"" y rige una e' al fin de la",Cordemex,exact,,
le,8,LE,Yucatec Maya,"lazo para cazar 0 pescar, y cazar y pesear con lazo;",Cordemex,exact,,
le,9,LE,Yucatec Maya,"enlazar con lazos; Ie keh: armar lazos para venados y cogerlos con ellos, coger en lazo generalmente",Cordemex,exact,,
le,10,la,Yucatec Maya,Tji,Cordemex,exact,,
le,11,la,Yucatec Maya,Yaparnar,Cordemex,exact,,
le,12,la,Yucatec Maya,Yey,Cordemex,exact,,
Ma'oxe,0,,,,,,,no attested form hit in attached dictionaries
le'itzil,0,,,,,,,no attested form hit in attached dictionaries
Xatlene,0,,,,,,,no attested form hit in attached dictionaries
Gyan'uks,0,,,,,,,no attested form hit in attached dictionaries
ko'janti,0,,,,,,,no attested form hit in attached dictionaries
Yaxe,0,,,,,,,no attested form hit in attached dictionaries
chikula',1,chikul,Yucatec Maya,Bisono,Cordemex,prefix,a,
chikula',2,chikul,Yucatec Maya,Firma,Cordemex,prefix,a,
chikula',3,chikul,Yucatec Maya,Insignia,Cordemex,prefix,a,
chikula',4,chikul,Yucatec Maya,Silencio,Cordemex,prefix,a,
chikula',5,chi<k>,K'iche',now; again; other; another,Christenson K'iche',prefix,ula,
chikula',6,CHIK,Yucatec Maya,bazucar,Cordemex,prefix,ula,
chikula',7,CHIK,Yucatec Maya,"cosa manca, tulIida 0 lisiada 0 encogida 10.",Cordemex,prefix,ula,
chikula',8,chik,Yucatec Maya,Actor,Cordemex,prefix,ula,
chikula',9,chik,Yucatec Maya,Agitar,Cordemex,prefix,ula,
chikula',10,chik,Yucatec Maya,Atontado,Cordemex,prefix,ula,
chikula',11,chik,Yucatec Maya,Bazucar,Cordemex,prefix,ula,
chikula',12,chik,Yucatec Maya,Bellaco,Cordemex,prefix,ula,
Tzokan'te,0,,,,,,,no attested form hit in attached dictionaries
líimek,0,,,,,,,no attested form hit in attached dictionaries
Yatle,0,,,,,,,no attested form hit in attached dictionaries
U'Te,0,,,,,,,no attested form hit in attached dictionaries
kuxkal,0,,,,,,,no attested form hit in attached dictionaries
yuquia,1,yuq<u>,K'iche',stretch out (rubber); hold out (hand); lengthen (sleeves),Christenson K'iche',prefix,ia,
Eche,1,ACHE,Yucatec Maya,i pobre de mil es particula dolentis y posp6nese a laoraci6n; es del que se admira [ioh!] 7: inter~,Cordemex,exact,,
Eche,2,ACHE,Yucatec Maya,"i hola! en lengua de Campeche,",Cordemex,exact,,
Eche,3,ache,Yucatec Maya,Axioma,Cordemex,exact,,
Eche,4,ache,Yucatec Maya,Iholai,Cordemex,exact,,
Eche,5,ache,Yucatec Maya,Ofuscar,Cordemex,exact,,
Eche,6,ache,Yucatec Maya,Pobre,Cordemex,exact,,
lu,1,la,K'iche',stinging nettle (chichicaste),Christenson K'iche',exact,,
lu,2,lo,K'iche',perhaps; indicator of doubt,Christenson K'iche',exact,,
lu,3,LA,Yucatec Maya,"pospuesta a los nombres de parentesco de consanguinidad, denota el que parece que tales [nombres]",Cordemex,exact,,
lu,4,la,Yucatec Maya,Tji,Cordemex,exact,,
lu,5,la,Yucatec Maya,Yaparnar,Cordemex,exact,,
lu,6,la,Yucatec Maya,Yey,Cordemex,exact,,
lu,7,la,Yucatec Maya,Yelankil,Cordemex,exact,,
lu,8,la,Yucatec Maya,Yetel,Cordemex,exact,,
lu,9,la,Yucatec Maya,Tusinil,Cordemex,exact,,
lu,10,la,Yucatec Maya,Yukuntah,Cordemex,exact,,
nochbe,1,NOCH,Yucatec Maya,jicara que no esta bien redonda 9: jicara mal,Cordemex,prefix,be,
nochbe,2,noch,Yucatec Maya,Repentino,Cordemex,prefix,be,
nochbe,3,noch,Yucatec Maya,Alargado,Cordemex,prefix,be,
nochbe,4,noch,Yucatec Maya,Cad Era,Cordemex,prefix,be,
nochbe,5,noch,Yucatec Maya,Cocodrilo,Cordemex,prefix,be,
nochbe,6,noch,Yucatec Maya,Cuadril,Cordemex,prefix,be,
Kí',1,ke’,K'iche',to grind (corn),Christenson K'iche',exact,,
Kí',2,ki’,K'iche',delicious; sweet,Christenson K'iche',exact,,
Kí',3,ki’,K'iche',diabetes,Christenson K'iche',exact,,
Kí',4,KI',Yucatec Maya,vino en general 3: vino generalmen te; ki' bino,Cordemex,exact,,
Kí',5,KI',Yucatec Maya,deleitable cosa; ki' yU'ubabal u fan Dios: deleitable es oil' la palabra de Dios,Cordemex,exact,,
Kí',6,KI',Yucatec Maya,mejor,Cordemex,exact,,
Kí',7,KI',Yucatec Maya,blanda cosa al tacto 0 delicado 5: suave cosa,Cordemex,exact,,
Kí',8,KI',Yucatec Maya,borracho; ah ki' Motul: los borrachos de,Cordemex,exact,,
Kí',9,ki',Yucatec Maya,Afable,Cordemex,exact,,
Kí',10,ki',Yucatec Maya,Afilado,Cordemex,exact,,
Kí',11,ki',Yucatec Maya,Agradable,Cordemex,exact,,
Kí',12,ki',Yucatec Maya,Agudo,Cordemex,exact,,
inib,0,,,,,,,no attested form hit in attached dictionaries
'Ayok,0,,,,,,,no attested form hit in attached dictionaries
ta',1,ta’,K'iche',to ask,Christenson K'iche',exact,,
ta',2,ta’,K'iche',to ask for the hand of a girl in marriage,Christenson K'iche',exact,,
ta',3,ta’,K'iche',to borrow; ask to borrow,Christenson K'iche',exact,,
ta',4,ta’,K'iche',to borrow,Christenson K'iche',exact,,
ta',5,ta’,K'iche',to ask for a favor,Christenson K'iche',exact,,
ta',6,ta’,K'iche',to ask for information; to ask directions,Christenson K'iche',exact,,
ta',7,tu’,K'iche',breast; breast milk,Christenson K'iche',exact,,
ta',8,TA',Yucatec Maya,glotoneria,Cordemex,exact,,
ta',9,TA',Yucatec Maya,idem.,Cordemex,exact,,
ta',10,TA',Yucatec Maya,escarabajo 2. ah wayan :2: idem.,Cordemex,exact,,
ta',11,TA',Yucatec Maya,enojar a otro; rna' a lep'esik uta' a yum: no,Cordemex,exact,,
ta',12,TA',Yucatec Maya,V. yahal ti' 01,Cordemex,exact,,
en,1,in,K'iche',"me, I",Christenson K'iche',exact,,
en,2,in,Nahuatl,(SD) ne,Campbell Pipil/Nawat CN,exact,,
en,3,in,Nahuatl,the,Nahuatl 1100 wordlist,exact,,
en,4,an,Nawat,"ahora, hoy, entonces; now, today, now then",Campbell Pipil/Nawat,exact,,
en,5,en,Spanish,"Spanish: ich, ichil",ilide Spanish-Maya,exact,,
en,6,AN,Yucatec Maya,el sanido 0 ruido que se hace en la tierra con,Cordemex,exact,,
en,7,AN,Yucatec Maya,"interjectio dolol'is, con dolor :8: interjecci6n de",Cordemex,exact,,
en,8,AN,Yucatec Maya,(ida) [llevado],Cordemex,exact,,
en,9,AN,Yucatec Maya,ahumado,Cordemex,exact,,
en,10,AN,Yucatec Maya,". cosa.echada, 0 tendida.a lalarga",Cordemex,exact,,
en,11,AN,Yucatec Maya,"cosa que esta desatada, suelta y no atada;",Cordemex,exact,,
en,12,AN,Yucatec Maya,pp de chu'uch,Cordemex,exact,,
u,0,,,,,,,no attested form hit in attached dictionaries
mujuk',0,,,,,,,no attested form hit in attached dictionaries
niáach,0,,,,,,,no attested form hit in attached dictionaries
i'chian,0,,,,,,,no attested form hit in attached dictionaries
waja,0,,,,,,,no attested form hit in attached dictionaries
u'tra,0,,,,,,,no attested form hit in attached dictionaries
buxa,0,,,,,,,no attested form hit in attached dictionaries
fukuur,0,,,,,,,no attested form hit in attached dictionaries
daka,0,,,,,,,no attested form hit in attached dictionaries
puxe,1,puxa,K'iche',perhaps (Momostenango),Christenson K'iche',exact,,
sakilja,1,sakil,Yucatec Maya,Albo,Cordemex,prefix,ja,
sakilja,2,sakil,Yucatec Maya,Bisono,Cordemex,prefix,ja,
sakilja,3,sakil,Yucatec Maya,Nitidez,Cordemex,prefix,ja,
sakilja,4,sakil,Yucatec Maya,blancura,ilide Spanish-Maya,prefix,ja,
Ik'eche,0,,,,,,,no attested form hit in attached dictionaries
atla,1,ATLE,Yucatec Maya,Iabula,Cordemex,exact,,
donuks,0,,,,,,,no attested form hit in attached dictionaries
ko'soxsal,0,,,,,,,no attested form hit in attached dictionaries
ko'mujuk,0,,,,,,,no attested form hit in attached dictionaries
cha'tsoke,0,,,,,,,no attested form hit in attached dictionaries
xefe,1,jefe,Spanish,"Spanish: yuum nohoch yuum, halach wíinik, tatich, nohochil",ilide Spanish-Maya,exact,,
yotlapek,0,,,,,,,no attested form hit in attached dictionaries
te'moxti,1,temo,Nahuatl,bajar,Campbell Pipil/Nawat CN,prefix,xti,
qexcan,0,,,,,,,no attested form hit in attached dictionaries
Na',1,na’,K'iche',"to feel, to taste; to acquaint one’s self; estimate",Christenson K'iche',exact,,
Na',2,na’,K'iche',to be afraid,Christenson K'iche',exact,,
Na',3,ne’,K'iche',newborn baby,Christenson K'iche',exact,,
Na',4,na',Yucatec Maya,Madrastra,Cordemex,exact,,
Na',5,na',Yucatec Maya,Madre,Cordemex,exact,,
Na',6,na',Yucatec Maya,Matriz,Cordemex,exact,,
Na',7,na',Yucatec Maya,Matanza,Cordemex,exact,,
Na',8,na',Yucatec Maya,Mueble,Cordemex,exact,,
Na',9,na',Yucatec Maya,Tintura,Cordemex,exact,,
Na',10,na’,Yucatec Maya,madre,ilide Spanish-Maya,exact,,
Na',11,na’,Yucatec Maya,mamá,ilide Spanish-Maya,exact,,
Na',12,na,K'iche',marker of future; or certainty,Christenson K'iche',exact,,
puyao,0,,,,,,,no attested form hit in attached dictionaries
Ich,1,e<ch>,K'iche',indicator of ownership; from; of; belong to,Christenson K'iche',exact,,
Ich,2,ech,K'iche',so that,Christenson K'iche',exact,,
Ich,3,ech,K'iche',for; belonging to,Christenson K'iche',exact,,
Ich,4,ech,K'iche',destiny; fate,Christenson K'iche',exact,,
Ich,5,ECH,Yucatec Maya,es pronombre primitivo de segunda persona de,Cordemex,exact,,
Ich,6,ICH,Yucatec Maya,.el de rostro tostado y el,Cordemex,exact,,
Ich,7,ICH,Yucatec Maya,"rostra risuefio ; che'che'eh, che'eh",Cordemex,exact,,
Ich,8,ICH,Yucatec Maya,es hacerse asi desvergonzado [en Ia,Cordemex,exact,,
Ich,9,ICH,Yucatec Maya,chi'ikt,Cordemex,exact,,
Ich,10,ICH,Yucatec Maya,escudrifiarlo y deshollinarlo,Cordemex,exact,,
Ich,11,ICH,Yucatec Maya,dejar 0 acabar uno su oficio; choch ichni Juan:,Cordemex,exact,,
Ich,12,ICH,Yucatec Maya,idem 3. tupul ich 3: idem.,Cordemex,exact,,
tlapec,0,,,,,,,no attested form hit in attached dictionaries
pu,1,pa,K'iche',in; into; toward; at; on; to; from; during,Christenson K'iche',exact,,
pu,2,pa,K'iche',thigh; upper leg,Christenson K'iche',exact,,
pu,3,pa,K'iche',heel or sole of foot,Christenson K'iche',exact,,
pu,4,pa,K'iche',marrow,Christenson K'iche',exact,,
pu,5,pa,K'iche',behind the knee,Christenson K'iche',exact,,
pu,6,pa,K'iche',cold sore,Christenson K'iche',exact,,
pu,7,pa,K'iche',monthly,Christenson K'iche',exact,,
pu,8,pa,K'iche',floor,Christenson K'iche',exact,,
pu,9,pa,K'iche',someday,Christenson K'iche',exact,,
pu,10,pa,K'iche',in a little while,Christenson K'iche',exact,,
pu,11,pa,K'iche',in the country,Christenson K'iche',exact,,
pu,12,pa,K'iche',armpit,Christenson K'iche',exact,,
uch',1,ach’,K'iche',kind; class,Christenson K'iche',exact,,
uch',2,ach’,K'iche',confidant; one in whom you can confide,Christenson K'iche',exact,,
uch',3,ach’,K'iche',fellow-man,Christenson K'iche',exact,,
uch',4,och’,K'iche',corn on the cob (still on the plant; unripe),Christenson K'iche',exact,,
uch',5,uch’,K'iche',opossum,Christenson K'iche',exact,,
uch',6,ACH',Yucatec Maya,"cosa como de cera, arrugac1a 0 deformada pOI'",Cordemex,exact,,
uch',7,OCH',Yucatec Maya,"despreciar, ofender, desacatar 8: ingrato,",Cordemex,exact,,
uch',8,UCH',Yucatec Maya,deformado; aplastado,Cordemex,exact,,
uch',9,ach',Yucatec Maya,Aplanado,Cordemex,exact,,
uch',10,ach',Yucatec Maya,Arruga,Cordemex,exact,,
uch',11,ach',Yucatec Maya,Arrugar,Cordemex,exact,,
uch',12,ach',Yucatec Maya,Chaquiste,Cordemex,exact,,
ta'nuk,1,TANAK,Yucatec Maya,ciertos callos que se hacen en los pies y en las,Cordemex,exact,,
ta'nuk,2,TANOK,Yucatec Maya,la planta del pie,Cordemex,exact,,
ta'nuk,3,tanak,Yucatec Maya,Callejera,Cordemex,exact,,
ta'nuk,4,tanak,Yucatec Maya,Gresca,Cordemex,exact,,
ta'nuk,5,tanok,Yucatec Maya,Del Pie,Cordemex,exact,,
ta'nuk,6,TANU,Yucatec Maya,a la luna.,Cordemex,prefix,k,
Otsuks,0,,,,,,,no attested form hit in attached dictionaries
Ela,1,ala,K'iche',young boy,Christenson K'iche',exact,,
Ela,2,ala,K'iche',fiance; intended husband,Christenson K'iche',exact,,
Ela,3,ila,K'iche',to dislike,Christenson K'iche',exact,,
Ela,4,ala,Spanish,Spanish: xiik’,ilide Spanish-Maya,exact,,
Ela,5,ILA,Yucatec Maya,mira,Cordemex,exact,,
ukto,0,,,,,,,no attested form hit in attached dictionaries
Máax,1,MAAX,Yucatec Maya,8 13 :,Cordemex,exact,,
Máax,2,MAAX,Yucatec Maya,duende,Cordemex,exact,,
Máax,3,MAAX,Yucatec Maya,el que se abroquela bien,Cordemex,exact,,
Máax,4,maax,Yucatec Maya,Antojo,Cordemex,exact,,
Máax,5,maax,Yucatec Maya,Deseo,Cordemex,exact,,
Máax,6,maax,Yucatec Maya,Escudar,Cordemex,exact,,
Máax,7,maax,Yucatec Maya,Escudo,Cordemex,exact,,
Máax,8,maax,Yucatec Maya,Silencio,Cordemex,exact,,
Máax,9,maax,Yucatec Maya,aplastar,ilide Spanish-Maya,exact,,
Máax,10,maax,Yucatec Maya,machácar,ilide Spanish-Maya,exact,,
Máax,11,maax,Yucatec Maya,machucar,ilide Spanish-Maya,exact,,
Máax,12,maax,Yucatec Maya,magullar,ilide Spanish-Maya,exact,,
ka,1,ka,K'iche',madroño tree,Christenson K'iche',exact,,
ka,2,ka,Nahuatl,where,Campbell Pipil/Nawat CN,exact,,
ka,3,ke:,Nahuatl,(SD) ke:man (ge:raag),Campbell Pipil/Nawat CN,exact,,
ka,4,ka,Nawat,"quien, ¿quién?",Campbell Pipil/Nawat,exact,,
ka,5,ka,Nawat,-chan,Campbell Pipil/Nawat,exact,,
ka,6,ka,Nawat,-ipan detrás; behind,Campbell Pipil/Nawat,exact,,
ka,7,ka,Nawat,"-itan debajo de; under, underneith, beneith, below",Campbell Pipil/Nawat,exact,,
ka,8,ka,Nawat,"i-teputs al revés; backwards, opposite",Campbell Pipil/Nawat,exact,,
ka,9,ka,Nawat,"-i:xpan delante de, enfrente de; in front of, before",Campbell Pipil/Nawat,exact,,
ka,10,ka,Nawat,"ke:n ¿quién sabe?, a saber, saber (ka gé:rj); to be seen",Campbell Pipil/Nawat,exact,,
ka,11,ka,Nawat,ke:ski ¿quánto vale?,Campbell Pipil/Nawat,exact,,
ka,12,ka,Nawat,ne:,Campbell Pipil/Nawat,exact,,
a'tul,1,ATAL,Yucatec Maya,"ser pa[ga]do, 0 galardoneado y la tal paga",Cordemex,exact,,
a'tul,2,ATAL,Yucatec Maya,"vp seresperado,",Cordemex,exact,,
a'tul,3,atal,Yucatec Maya,Contratar,Cordemex,exact,,
a'tul,4,atal,Yucatec Maya,Flete,Cordemex,exact,,
a'tul,5,atal,Yucatec Maya,Galardonado,Cordemex,exact,,
a'tul,6,atal,Yucatec Maya,Pagar,Cordemex,exact,,
a'tul,7,atal,Yucatec Maya,Pagado,Cordemex,exact,,
a'tul,8,atal,Yucatec Maya,Sin Pagar,Cordemex,exact,,
cheyel,0,,,,,,,no attested form hit in attached dictionaries
quxzeh,0,,,,,,,no attested form hit in attached dictionaries
Axba,0,,,,,,,no attested form hit in attached dictionaries
Kíibsa',0,,,,,,,no attested form hit in attached dictionaries
tala,1,tela,Spanish,"Spanish: nook’, xéet’",ilide Spanish-Maya,exact,,
jare'yantul,0,,,,,,,no attested form hit in attached dictionaries
Ti',1,TE',Yucatec Maya,"planta con que dan saber y buen olor al pozole,",Cordemex,exact,,
Ti',2,TI',Yucatec Maya,hallar buscando; cobrar 0 halIar 10 perdido; ti' chiktahf ten: hallado 10 he 3.,Cordemex,exact,,
Ti',3,TI',Yucatec Maya,aunque sea alli,Cordemex,exact,,
Ti',4,TI',Yucatec Maya,idem.,Cordemex,exact,,
Ti',5,TI',Yucatec Maya,digno.,Cordemex,exact,,
Ti',6,TI',Yucatec Maya,"como adverbio de lugar significa en, sin 0 por; se pronuncia las",Cordemex,exact,,
Ti',7,TI',Yucatec Maya,"bigotes J, 1'1: bozo, mostachos 5, 6, 7, 8, :I1:",Cordemex,exact,,
Ti',8,TI',Yucatec Maya,menester,Cordemex,exact,,
Ti',9,ti',Yucatec Maya,Yan Yan Tumutil,Cordemex,exact,,
Ti',10,ti',Yucatec Maya,Segunda Parte,Cordemex,exact,,
Ti',11,ti',Yucatec Maya,Donde,Cordemex,exact,,
Ti',12,ti',Yucatec Maya,Hurtadillas,Cordemex,exact,,
ek'le,0,,,,,,,no attested form hit in attached dictionaries
upulché,1,UPUL,Yucatec Maya,"ser contrariado 0 resistido, pasivo de nup",Cordemex,affix,,
